ID: 1122305680264667136,4,,17,no,28/04/19 01:05:00,"Las zonas cercanas a la catedral permanecerán cerradas a la mayoría de la gente hasta que sean consideradas seguras, informó la policía de París https://t.co/8n2Mpw0mDH",TweetDeck,view tweet url
ID: 1122304424452345856,1,,2,no,28/04/19 01:00:00,"se unen todos los miércoles en punto de las 20:30 horas #ConLosDeEnfrente, donde @hdemauleon, @apontedavid, @elisaalanis, @jpbecerraacosta, @maiteazuela, Carlos Marín y @hzamarron debaten sobre temas del momento. ¡No te lo pierdas! https://t.co/LzQVXZCkDV",Twitter Media Studio,view tweet url
ID: 1122309888196128768,2,,6,no,28/04/19 01:21:43,"La #NFL, presente en América Santos en el Estadio Azteca https://t.co/R4t1ct6Lyo",Twitter Web Client,view tweet url
ID: 1122309455062847488,1,,7,no,28/04/19 01:20:00,"Desde diciembre, Pemex ha realizado tres ajustes a su meta de producción anual; nivel de extracción mejorará significativamente hasta 2020, prevé https://t.co/otbxV5LyIA https://t.co/GCdYQzonfB",Twitter Media Studio,view tweet url
ID: 1122272965062742016,3,,9,no,27/04/19 22:55:00,"#MochilazoEnElTiempo Para los años 40 y 50, con el boom del cine mexicano y el glamour de sus estrellas, la tradición perfumera también vivió una gran época https://t.co/KUrd0hoNUn https://t.co/6f0NP3A0tK",Twitter Ads Composer,view tweet url
ID: 1122306938509778944,7,1,17,no,28/04/19 01:10:00,"Debido a los hechos ocurridos el Viernes Santo en Minatitlán, las autoridades adelantaron el reforzamiento de la seguridad en esa zona https://t.co/0oLWaxHN9U",TweetDeck,view tweet url
ID: 1122313496115339264,,,,no,28/04/19 01:36:03,"@El_Universal_Mx AMLOINUTIL es buen politico, pero pesimo Presidente!! Ignorante de Leyes, de Economia. Lleva el ""barco"" o sea al pais; por donde le vayan aplaudiendo!! Su interes perpetuarse! Dejara la presidencia y seguir de lider de Morena!! Con mañaneras obviamente!",Twitter for Android,view tweet url
ID: 1122271706305814528,12,3,34,no,27/04/19 22:50:00,"El proceso apenas se inició, pero dentro de las primeras indagaciones de las autoridades verificadoras se constató que en este lugar se condiciona la entrada al restaurante y se detectó que se cobraba la propina https://t.co/JP93ZANnMY",TweetDeck,view tweet url
ID: 1122272407857913856,,,,no,27/04/19 22:52:47,@El_Universal_Mx ¡Excelente medida legal!,Twitter Web App,view tweet url
ID: 1122274862058430464,,,,no,27/04/19 23:02:32,@El_Universal_Mx CUANDO CONTRA CADENEROS Y ANTROS EN LA CAPITAL DE LA CD DE MEXICO??…,Twitter Web Client,view tweet url
ID: 1122278812295634944,,,,no,27/04/19 23:18:14,@El_Universal_Mx Upss @Emporio_Zaca Les hablan,Twitter for Android,view tweet url
ID: 1122300646860804097,,1,11,no,28/04/19 00:45:00,El expresidente dijo que Moreno Uriegas tuvo una valiosa trayectoria de servicio a México https://t.co/vwLDhKCg7B,TweetDeck,view tweet url
ID: 1122301810134405121,,,,no,28/04/19 00:49:37,@El_Universal_Mx Dónde andas Kikin raterin canallin ?,Twitter for Android,view tweet url
ID: 1122206275922563072,4,,7,no,27/04/19 18:30:00,El espía que escapó de campos nazis y ayudó a crear la Ópera de Sídney https://t.co/9bHnQYeJX6 https://t.co/awq4SlRiI5,Twitter Ads Composer,view tweet url
ID: 1122236474760544256,5,,5,no,27/04/19 20:30:00,"Una conductora de 26 años, aparentemente intoxicada, provocó la muerte de su copiloto y lesiones a un menor de edad al impactarse contra un muro de contención en la alcaldía Venustiano Carranza https://t.co/BPahqIFIps",TweetDeck,view tweet url
ID: 1122203766432784384,3,1,28,no,27/04/19 18:20:02,? Alerta de spoilers? ¿Cómo funciona la física cuántica con la que Iron Man intenta salvar el universo? https://t.co/fZ4MDBewOR https://t.co/buXEHuhPpU,Twitter Ads Composer,view tweet url
ID: 1122205700673896448,,,,no,27/04/19 18:27:43,@El_Universal_Mx ??????,Twitter for iPhone,view tweet url
ID: 1122233957674676224,26,2,37,no,27/04/19 20:20:00,"De acuerdo con un informe que hizo la Academia Americana de Pediatría, los niños que usan mucho los celulares o pantallas corren riesgo de retraso en el desarrollo del lenguaje https://t.co/PQlxvYnQ7Z",TweetDeck,view tweet url
ID: 1122236079015440385,,,,no,27/04/19 20:28:26,Difiero conozco 5 nin@s que manejan bien cell o tablets escribiendo aunque no saben el abecedario lo que quieren ver u oír grandes herramientas dando el uso adecuado en escuelas preparando a maestros y elevando nivel educativo ojalá lo piensen encargados de la educación,Twitter for Android,view tweet url
ID: 1122299045765054464,,,,no,28/04/19 00:38:38,@El_Universal_Mx Nunca,Twitter for iPhone,view tweet url
ID: 1122207533672742913,124,161,301,no,27/04/19 18:35:00,"La toma de casetas es considerada como delito federal, informó la Fiscalía General de la República (FGR) https://t.co/7MReFBHYvM",Twitter Ads Composer,view tweet url
ID: 1122208139036766208,1,,7,no,27/04/19 18:37:24,Podrá ser el delito más grande del mundo pero ni el @gobmx ni la @PoliciaFedMx ni @CAPUFE  hacen nada cuando la caseta es tomada.Todo se arregla con amor y paz en este país,Twitter for Android,view tweet url
ID: 1122208571394023425,1,1,7,no,27/04/19 18:39:07,Quien será el que se atreva a sancionar ese delito,Twitter for iPhone,view tweet url
ID: 1122211116694814720,,,5,no,27/04/19 18:49:14,"@El_Universal_Mx Pues a ver si ya ponen orden, porque nada más dicen pero no hacen nada.",Twitter for iPhone,view tweet url
ID: 1122219127375126529,1,,5,no,27/04/19 19:21:04,@El_Universal_Mx Salvo que sean normalistas o maestros,Twitter for Android,view tweet url
ID: 1122224287375663106,,,,no,27/04/19 19:41:34,"Entonces, que esperan para sancionar a los que toman casetas y cierran carreteras?",Twitter for Android,view tweet url
ID: 1122232175217250304,,,,no,27/04/19 20:12:55,"@El_Universal_Mx ¿Qué más da que sea una pena de hasta 30 años de cárcel si, hasta dónde sé, a nadie de los que toman casetas termina siendo arrestado por ese delito?",Twitter Web App,view tweet url
ID: 1122234038780092416,,,,no,27/04/19 20:20:19,"@El_Universal_Mx entonces? solo queda en mera información, de que sirve si no se hace algo",Twitter Web App,view tweet url
ID: 1122235781383217152,1,,,no,27/04/19 20:27:15,"@El_Universal_Mx NO PERSIGUIERON A mario marín y kamel nacif, SEGURO QUE gerts ES  ENEMIGO DLE PUEBLO Y DE ANDRÉS MANUEL RT",Twitter Web Client,view tweet url
ID: 1122235993510178816,,,,no,27/04/19 20:28:05,@El_Universal_Mx Y luego...???? Se agarraron a los que tomaron esta semana las casetas..???,Twitter for Android,view tweet url
ID: 1122236009104601088,,,,no,27/04/19 20:28:09,"@El_Universal_Mx Es solo algo que está escrito, por años se han tomado y han sacado provecho ciertos grupos y no hay sanciones",Twitter for iPhone,view tweet url
ID: 1122236477209899008,,,,no,27/04/19 20:30:00,"@El_Universal_Mx Ah chinga chinga chinga, de verdad ?",Twitter for iPad,view tweet url
ID: 1122236509913010178,,,,no,27/04/19 20:30:08,"@El_Universal_Mx Eso ya lo sabemos , la pregunta es por qué lo permiten ??",Twitter for Android,view tweet url
ID: 1122237217911529474,,,,no,27/04/19 20:32:57,@El_Universal_Mx Me gustaría ver.que sea cierto y no puro. Bla bla bla.,Twitter for Android,view tweet url
ID: 1122238246560444417,,,,no,27/04/19 20:37:02,@El_Universal_Mx Mejor que legislen y le pongan multa$ minimo lo que pierden Las caseta$. Ya se hubieran hecho ricos Los gobiernos pobres?,Twitter for Android,view tweet url
ID: 1122239160394248192,,,,no,27/04/19 20:40:40,@El_Universal_Mx Y luego? Porque lo permiten? Ches autoridades guangas blandengues ??,Twitter for Android,view tweet url
ID: 1122239598036312064,1,,3,no,27/04/19 20:42:25,"@El_Universal_Mx Avísenle al que está de presidente, y también preguntenle si pueden reprimir al pueblo bueno y sabio",Twitter for iPad,view tweet url
ID: 1122240239957880832,,,,no,27/04/19 20:44:58,@El_Universal_Mx Será cierto?,Twitter for iPad,view tweet url
ID: 1122240764228980738,,,,no,27/04/19 20:47:03,"@El_Universal_Mx Que bueno saberlo. Pero a nadie agarran, toman las casetas en la narices  del gobierno y nadie hace nada. Así aunque haya leyes que no se ejercen, pueden poner cadena perpetua y les avale madre. Eso es impunidad",Twitter for Android,view tweet url
ID: 1122241042181316609,,,,no,27/04/19 20:48:09,@El_Universal_Mx Pues no qie las quitaría el señor AMLO,Twitter for iPhone,view tweet url
ID: 1122241737223737344,,,,no,27/04/19 20:50:55,@El_Universal_Mx Será muy delito federal pero toman las casetas sin ningún obstáculo y cuántas veces quieran.,Twitter for Android,view tweet url
ID: 1122241888159850496,,,,no,27/04/19 20:51:31,@El_Universal_Mx Por fin ya nadamas que lo lleve a cabo,Twitter for Android,view tweet url
ID: 1122242055743377408,,,,no,27/04/19 20:52:10,"@El_Universal_Mx Si todos sabemos que es un delito federal, pero la autoridad, no actúa, le tienen temor al pueblo bueno y sabio y mientras que la ciudadanía se friegue",Twitter for iPhone,view tweet url
ID: 1122242481192464384,,,,no,27/04/19 20:53:52,Aja,Twitter for iPhone,view tweet url
ID: 1122242516156182528,,,,no,27/04/19 20:54:00,"@El_Universal_Mx Naaaaaaa, es neta? En la Durango-Mazatlán hay una que tiene más de un año tomada",Twitter for Android,view tweet url
ID: 1122243029002280960,,,,no,27/04/19 20:56:03,"@El_Universal_Mx Pero es letra muerta ,aquí en la caseta de Tlalpan hacia Cuernavaca siempre están con sus letreros mamalones :  "" $50.00 de cooperación""  nunca les doy aunque me rechiflen por qué eso sí, son montoneros y cobardes ... Lastima de causa que se inventan""",Twitter for Android,view tweet url
ID: 1122243174703828992,,,,no,27/04/19 20:56:37,@El_Universal_Mx Y por que no hacen nada????,Twitter for Android,view tweet url
ID: 1122243429486845952,,,,no,27/04/19 20:57:38,@El_Universal_Mx Como a los profes se la pelan???,Twitter for iPhone,view tweet url
ID: 1122243626212265984,,,,no,27/04/19 20:58:25,@El_Universal_Mx Y si es un delito Federal por qué no se hace presente un representante de la instancia oficial para detener a las personas que cometieron el delito a la vista de TODO el mundo?O cómo son parte del Pueblo Sabio y Bueno se les perdona esta “Travesura” con un coscorrón? https://t.co/EfhX6ZibYv,Twitter for iPhone,view tweet url
ID: 1122244616143532032,,,,no,27/04/19 21:02:21,Pueden?,Twitter for iPhone,view tweet url
ID: 1122244676805771265,,,,no,27/04/19 21:02:35,@El_Universal_Mx La velocidad de la FGR Después de 15 días que se tomaron las casetas y robaron dinero durante esos 15 días ahora resulta que si es delito. Cómo dan de risa en esta era cuaternaria,Twitter for iPhone,view tweet url
ID: 1122244704534503424,,,,no,27/04/19 21:02:42,@El_Universal_Mx Pero que creen? Nunca de los nunca los van a encarcelar a estos si a estos ??,Twitter for iPhone,view tweet url
ID: 1122244805889875968,,,,no,27/04/19 21:03:06,"@El_Universal_Mx Como información está muy bien, cuando actuarán conforme a la ley??? Para evitarlo obvio...",Twitter for iPhone,view tweet url
ID: 1122246085551054848,,1,2,no,27/04/19 21:08:11,"@El_Universal_Mx No me hagan reír. Las casetas de Tijuana-Tecate y la de “El hongo” tienen 1 año tomadas, con el ejército y la policía federal ahí, y qué les hacen? Nada!!!",Twitter for iPhone,view tweet url
ID: 1122246318980644864,,,1,no,27/04/19 21:09:07,"@El_Universal_Mx ¡Ya que pongan orden,  porque ya es una verdadera anarquía!",Twitter for Android,view tweet url
ID: 1122247372560637955,,,2,no,27/04/19 21:13:18,@El_Universal_Mx La carabina de Ambrosio y esa declaración son la misma vaina si les tiembla la mano para aplicar la ley,Twitter for iPhone,view tweet url
ID: 1122248848204812289,,,,no,27/04/19 21:19:10,@El_Universal_Mx ¿Y luego ?,Twitter for iPhone,view tweet url
ID: 1122249881161093120,,,,no,27/04/19 21:23:16,@El_Universal_Mx PUEDEN?,Twitter for iPhone,view tweet url
ID: 1122251191252082694,,,,no,27/04/19 21:28:29,@El_Universal_Mx Y luego?,Twitter for iPhone,view tweet url
ID: 1122252509102268416,,,,no,27/04/19 21:33:43,@El_Universal_Mx Jajajajajajaja podrá ser delito pero estamos en mexico a esta gente la dirige gente k sabe cómo están las leyes y pues aquí no ha pasado nada,Twitter for iPhone,view tweet url
ID: 1122253138365435906,,,,no,27/04/19 21:36:13,"@El_Universal_Mx Aja, si Aja,  En este país no va haber represión por parte del Gobierno en 6 años.",Twitter for Android,view tweet url
ID: 1122253397657292802,,,,no,27/04/19 21:37:15,@El_Universal_Mx Al fin...,Twitter for iPhone,view tweet url
ID: 1122254259796316160,,,,no,27/04/19 21:40:40,@El_Universal_Mx Y por tomar instalaciones petroleras cuanto.PORQUE EL DR MEMELOSKY HACE COMO 35 AÑOS TOMO TRES POSOS EN FL SURESTE,Twitter for Android,view tweet url
ID: 1122257106172895232,,,,no,27/04/19 21:51:59,"@El_Universal_Mx Ya basta de tanto desorden, eso dw besos y abrazos nos esta llevando al libertinaje",Twitter for Android,view tweet url
ID: 1122259162350661633,,,,no,27/04/19 22:00:09,@El_Universal_Mx Pueden ser o serán sancionados es la diferencia entre impunidad y aplicar las leyes.,Twitter for Android,view tweet url
ID: 1122259530425876480,,,,no,27/04/19 22:01:37,@El_Universal_Mx Pueden .... chinga apliquen la ley y húndanlos 5-10 años pero háganlo,Twitter for iPhone,view tweet url
ID: 1122260046321262592,,,,no,27/04/19 22:03:40,@El_Universal_Mx @SCT_mx @lopezobrador_ Y entonces porque no se hace nada en la caseta de Cuernavaca ?,Twitter for iPhone,view tweet url
ID: 1122260578590789632,,,,no,27/04/19 22:05:47,Aja,Twitter for Android,view tweet url
ID: 1122264936044879872,,,,no,27/04/19 22:23:06,"@El_Universal_Mx La oposición encuentra cualquier cosa para joder,si se toman las casetas,si no se limpian los zapatos,si las corbatas,ya se pasaron de simplistas,quieren que a México le vaya mal,no vamos a claudicar,vamos a sacar adelante a México para que ustedes lo disfruten también!",Twitter for iPhone,view tweet url
ID: 1122268427324989441,,,,no,27/04/19 22:36:58,@El_Universal_Mx Y yo no veo ni uno sólo detenido por eso.,Twitter for Android,view tweet url
ID: 1122268921556537346,,,,no,27/04/19 22:38:56,@El_Universal_Mx Ah ok! Y entonces @FGRMexico  vas a tomar acciones o solo lo dices por convivir?,Twitter for iPhone,view tweet url
ID: 1122269352374484992,,,,no,27/04/19 22:40:39,"@El_Universal_Mx Así como los asesinatos, pero estamos en un país donde no pasa nada",Twitter for Android,view tweet url
ID: 1122272723563098112,,,,no,27/04/19 22:54:02,"@El_Universal_Mx Y eso que? La ley puede decir misa... Pero su presidente no hace nada y la Policía menos... Y a los demás les vale má... por que saben que no les va a pasar nada, nadie los toca, por eso está el país hecho un desastre...",Twitter for Android,view tweet url
ID: 1122273976707948544,,,2,no,27/04/19 22:59:01,"@cavazosdaniel @El_Universal_Mx Tu presidente No... El solo sabe  ""amor y paz y perdón"" (y de ayudar a los delincuentes con ""apoyos"" cuando se ""queman"" por ejemplo)La Policía tampoco, le teme a la Protectora de Animales (CNDH)Solo nos queda el Chavo del 8.... Y por cierto...ya ""felpo""...Osea...Ya Valió Monja",Twitter for Android,view tweet url
ID: 1122275512871571457,,,,no,27/04/19 23:05:07,En Tijuana Ensenada están tomadas y no pasa nada ?,Twitter for iPhone,view tweet url
ID: 1122276586877857793,,,,no,27/04/19 23:09:23,"@El_Universal_Mx Ajá!!!, Si, siempre hemos sabido eso, y que? Siguen tomando casetas y robando a los automovilistas porqué así no aplica el seguro, y se supone que parte de lo que es recaude va a parar al gobierno para ser utilizado en otras vías o programas sociales, o no? Es corrupción no?",Twitter for iPhone,view tweet url
ID: 1122278784823123969,,,,no,27/04/19 23:18:07,@El_Universal_Mx Y la toma de plazas y vias públicas o instalaciones petroleras??? Alli no hay o hubo delitos??? Afectar a terceros su libre transito???,Twitter for Android,view tweet url
ID: 1122278979992469504,,,,no,27/04/19 23:18:54,"@El_Universal_Mx A ok, pero a qué se aplique la ley está muy lejos",Twitter for Android,view tweet url
ID: 1122279066428637184,,,,no,27/04/19 23:19:15,@El_Universal_Mx Ósea es más grave que un tipo que comete No se cuantos feminicidios y solo le dan 15 años de presión(el fulano del Estado de México),Twitter for iPhone,view tweet url
ID: 1122280339303432192,,,,no,27/04/19 23:24:18,@El_Universal_Mx Hay que aplicar la ley y san se acabo,Twitter for Android,view tweet url
ID: 1122280736550281216,,,,no,27/04/19 23:25:53,@El_Universal_Mx Pero cuando? .,Twitter for Android,view tweet url
ID: 1122280797908676613,,,,no,27/04/19 23:26:07,"@El_Universal_Mx @drjoseoscarv Y qué carajo espera el gobierno federal para encerrar a esta runfla de ""pueblo bueno"" que un día sí y otro también toman casetas?!?! Ah perdón,  AMLO no es un represor!",Twitter for Android,view tweet url
ID: 1122282427295117312,,,,no,27/04/19 23:32:36,"@El_Universal_Mx A menos que sean NORMALISTAS, DE LA COORDINADORA O PUEBLOS INDÍGENAS.",Twitter for Android,view tweet url
ID: 1122282513559216128,1,,,no,27/04/19 23:32:56,@El_Universal_Mx Pues que se apuren a avisarles hoy estuvo tonada la caseta de siempre en la autopista del Sol por los de Ayotzinapa. De a 50 pesitos de cooperación no das no pasas y no te preocupes hasta te cambian tu billete,Twitter for Android,view tweet url
ID: 1122283232840638464,,,,no,27/04/19 23:35:48,ya era hora ??a ver si lo cumplen,Twitter for iPhone,view tweet url
ID: 1122284341470478336,,,,no,27/04/19 23:40:12,@El_Universal_Mx Cuando las tomaban los que hoy gobiernan no era delito,Twitter for Android,view tweet url
ID: 1122284485158920192,,,,no,27/04/19 23:40:46,@El_Universal_Mx Y?,Twitter for iPhone,view tweet url
ID: 1122289564402495489,,,,no,28/04/19 00:00:57,@El_Universal_Mx Les hablan chairos del SITUAM,Twitter for iPhone,view tweet url
ID: 1122290308727832576,,,,no,28/04/19 00:03:55,"@El_Universal_Mx Nunca se presentó la autoridad , COÑO!!!.",Twitter for iPhone,view tweet url
ID: 1122290327061135361,,,,no,28/04/19 00:03:59,@El_Universal_Mx Tambien los van a premiar con pensiones a esas escorias? Pareceria que este gobierno está empecinado en premiar los delincuentes y castigar al obrero (que paga impuestos) #AmloElFracasoPresidencial #AMLORENUNCIA,Twitter for iPhone,view tweet url
ID: 1122293673880883200,,,,no,28/04/19 00:17:17,@El_Universal_Mx pues que bueno! por que aquí en mi pueblo a eso se le llama robar y esta gente que se cree? agarrando dinero gratis nomas por sus pistolas!!!,Twitter Web Client,view tweet url
ID: 1122294075724640257,,,,no,28/04/19 00:18:53,@El_Universal_Mx Ya veremos dijo un ciego.,Twitter for Android,view tweet url
ID: 1122294559583744005,,,,no,28/04/19 00:20:48,"@El_Universal_Mx Más delito es cobrar casetas, deverian ser gratis.",Twitter for Android,view tweet url
ID: 1122296653715660800,,,,no,28/04/19 00:29:08,@El_Universal_Mx De todos modos no hacen nada al respecto,Twitter for Android,view tweet url
ID: 1122296838030286853,,,,no,28/04/19 00:29:52,"@El_Universal_Mx No , pues sí se ve que se mueren de miedo !!!!",Twitter for Android,view tweet url
ID: 1122297885863874561,,,,no,28/04/19 00:34:01,@El_Universal_Mx No que amlo no reprimiria a sus lacayos!?? Jajaja,Twitter for Android,view tweet url
ID: 1122298016654712833,,,,no,28/04/19 00:34:33,@El_Universal_Mx me gustaria ver las acciones que tomen con la CNTE y los de Ayotzinapa cuando tomen casetas a ver si actuan como dicen,Twitter Web Client,view tweet url
ID: 1122298162922708992,,,,no,28/04/19 00:35:07,@El_Universal_Mx Uy que miedo han de decir!,Twitter for iPhone,view tweet url
ID: 1122299325881704448,,,,no,28/04/19 00:39:45,@El_Universal_Mx Yo tomo agua...no soy tan güey para tomar una caseta.,Twitter for Android,view tweet url
ID: 1122299339865559043,,,,no,28/04/19 00:39:48,@El_Universal_Mx YYYYYYY???????,Twitter for Android,view tweet url
ID: 1122299464838975488,,,,no,28/04/19 00:40:18,@El_Universal_Mx @drjoseoscarv Y luego?,Twitter for iPhone,view tweet url
ID: 1122299668212473856,,,1,no,28/04/19 00:41:06,@El_Universal_Mx Que expliquen claro que es toma de caseta....yo tomo pulque,Twitter for Android,view tweet url
ID: 1122301249032994819,,,,no,28/04/19 00:47:23,@El_Universal_Mx Hasta ahora revisan las leyes??? Es el colmo de la tolerancia.,Twitter for Android,view tweet url
ID: 1122301572195803136,,,,no,28/04/19 00:48:40,@El_Universal_Mx Pero no lo hacen porque son muchos,Twitter for iPhone,view tweet url
ID: 1122301578709479425,,,,no,28/04/19 00:48:42,"@El_Universal_Mx Pero OJO que también la constitución marca que TODOS TENEMOS DERECHO DE LIBRE TRANSITO... Y, las autopistas de cuota, SON UN NEGOCIO DE UNOS CUANTOS; EN TERRITORIO DE TODOS!",Twitter for Android,view tweet url
ID: 1122304754842046467,,,,no,28/04/19 01:01:19,"@El_Universal_Mx Pero ¿quién de los responsables hace algo? Porque si el pueblo hace algo dicen que toman la justicia por propia mano, ¿entonces quién no hace su trabajo?",Twitter for Android,view tweet url
ID: 1122305463771643905,,,,no,28/04/19 01:04:08,"@El_Universal_Mx Y tomar reforma por bastante tiempo no lo fue??? Entonces los mexicanos seguimos el ejemplo del presidente, como el quiere. Aunque nos valga madres el derecho de los demás.",Twitter for iPhone,view tweet url
ID: 1122307727412170752,,,,no,28/04/19 01:13:08,@El_Universal_Mx Quiero ver al bueno que los va a encarcelar.... ??,Twitter for Android,view tweet url
ID: 1122309221721231360,,,,no,28/04/19 01:19:04,@El_Universal_Mx Que no solo sea escrito que ahora no les tiemble la.mano aplicar la ley,Twitter for Android,view tweet url
ID: 1122310278098620416,,,,no,28/04/19 01:23:16,"@El_Universal_Mx Perfecto sobre encima de la ley nadie, y mucho menos si son gente q no respetan a nuestro país",Twitter for Android,view tweet url
ID: 1122319376579989505,,,,no,28/04/19 01:59:25,@El_Universal_Mx Si como no!!!,Twitter for Android,view tweet url
ID: 1122322655733010433,,,,no,28/04/19 02:12:27,@El_Universal_Mx El libre tránsito también lo es!,Twitter for Android,view tweet url
ID: 1122323922115092480,,,,no,28/04/19 02:17:29,@El_Universal_Mx No pues si les contara la cara de felicidad de los que estaban pidiendo “cooperación” en la caseta de San Marcos el día de hoy y hace una semana en la de la venta Tabasco! Lo único que puedo concluir es que la FGR le vale madres el estado de derecho!!,Twitter for iPhone,view tweet url
ID: 1122331685872209921,,,,no,28/04/19 02:48:20,@El_Universal_Mx ¿Entonces?,Twitter for Android,view tweet url
ID: 1122332529954967552,,,,no,28/04/19 02:51:41,@El_Universal_Mx Entonces por qué lo toleran? Esa permisividad ante el delito; no es corrupción? O al menos complicidad?,Twitter for Android,view tweet url
ID: 1122336171026276352,,,,no,28/04/19 03:06:09,"@El_Universal_Mx Cuánto a que no aplican la ley, dijeran los de antes que quede escrito.",Twitter for Android,view tweet url
ID: 1122336460605022208,,,,no,28/04/19 03:07:18,"@El_Universal_Mx Aun siguen cobrando en las casetas? Pues no que ya las iban a quitar,promesa de la 4 T ????una más !!",Twitter for iPhone,view tweet url
ID: 1122284289234587648,5,,13,no,27/04/19 23:40:00,"Las autoridades han aumentado el dispositivo de seguridad en torno a la familia imperial días antes de la abdicación del emperador Akihito, después de un reinado de 30 años https://t.co/QH258l6A2K",TweetDeck,view tweet url
ID: 1122230183090642946,6,6,24,no,27/04/19 20:05:00,"La iniciativa causó revuelo en redes sociales, donde los usuarios crearon la etiqueta #ConLasCervezasNo en inconformidad con la propuesta de la legisladora morenista https://t.co/IwymVQYSGY",TweetDeck,view tweet url
ID: 1122230632644349952,,,,no,27/04/19 20:06:47,@El_Universal_Mx Yo creo que el caso era nada causar  revuelo en las redes esa ley jamás sería aprobada,Twitter for Android,view tweet url
ID: 1122230856158814210,,,,no,27/04/19 20:07:40,@El_Universal_Mx Resulta que los empresarios tienen más poder que un pinche diputado como el mijis que no sirve más que para decir un par de pendejadas e ir a calentar la silla. Ahí tienen a la Carmen Salinas,Twitter for Android,view tweet url
ID: 1122231031296221184,,,,no,27/04/19 20:08:22,@El_Universal_Mx Legisladora ingenua.,Twitter for Android,view tweet url
ID: 1122237164899586048,,,,no,27/04/19 20:32:44,"@El_Universal_Mx tan sencillo como comprarlas en la mañana, ponerlas a enfriar para que esten listas a la hora deseada.",Twitter Web App,view tweet url
ID: 1122241472349102080,,,,no,27/04/19 20:49:51,@El_Universal_Mx Aquí lo malo es que el producto da trabajos y paga impuestos pero le quieran poner trabas en sus ventas. Igual que a los cigarros. Quieren sacar beneficio de ellos pero también evitar que los compren. Si les dan permiso de venta entonces no los obstaculicen.,Twitter for Android,view tweet url
ID: 1122259436435849216,,,,no,27/04/19 22:01:14,@El_Universal_Mx Que el marido de la legisladora SIEMPRE este frio.A ver que siente que cuando lo quiera usar no este a la temperatura optima.,Twitter for Android,view tweet url
ID: 1122205016712830976,,4,6,no,27/04/19 18:25:00,"Faltan dos jornadas para que finalice el Clausura 2019, pero la directiva del Guadalajara ya planea el siguiente torneo https://t.co/LFbaNg562Q",Twitter Ads Composer,view tweet url
ID: 1122205698572439552,,,,no,27/04/19 18:27:42,@El_Universal_Mx https://t.co/CG7sSmOhdv,Twitter for Android,view tweet url
ID: 1122206499198197761,,,,no,27/04/19 18:30:53,"@El_Universal_Mx Hector Moreno poca actividad, Gio Dos Santos agente libre (además de ser un gran golpe mediático) y Chicharito está listo para regresar. Estas deben ser las opciones para asegurar mentalidad y talento en el equipo la próxima temporada. #Chivas @Amauryvz @JLHB33",Twitter for iPhone,view tweet url
ID: 1122206954951020544,,,,no,27/04/19 18:32:42,"@El_Universal_Mx La administración de @Chivas no sabe planear, hacer buenas eleccion de jugadores ni técnico y cuando se había logrado un equipo con alma y corazón, por protagonismo lo desmantelaron.",Twitter for Android,view tweet url
ID: 1122232699912060928,1,1,18,no,27/04/19 20:15:00,"Algunos fans de ""Avengers: Endgame"" no han aguantado mucho mordiéndose la lengua ?? https://t.co/FnDYMprodt",Twitter Ads Composer,view tweet url
ID: 1122234037538631681,,,,no,27/04/19 20:20:19,@El_Universal_Mx @AldapeSamuel,Twitter for iPhone,view tweet url
ID: 1122240249181233152,23,3,34,no,27/04/19 20:45:00,"En días pasados, el hombre detenido apuntó con una pistola a la cabeza de una niña de nueve años, para despojarla de una celular y robar 700 pesos a la doctora de un consultorio dental https://t.co/V60VTIl6j1",TweetDeck,view tweet url
ID: 1122241151707353089,,,,no,27/04/19 20:48:35,@El_Universal_Mx Qué podemos decir?! que no se diga en otras partes de esa rata!!?,Twitter Web App,view tweet url
ID: 1122242672494817280,,,1,no,27/04/19 20:54:38,"@El_Universal_Mx Por favor México, aplica la pena de muerte ya.",Twitter Web App,view tweet url
ID: 1122252219787747333,,,,no,27/04/19 21:32:34,@El_Universal_Mx México debería aplicar pena de muerte.,Twitter for Android,view tweet url
ID: 1122198729899950081,2,2,7,no,27/04/19 18:00:01,?? ¿Ya mandaste el mensaje para recibir todas las noticias de @El_Universal_Mx sin costo??? ? https://t.co/zKwFpgtcFU https://t.co/kow85470t1,Twitter Media Studio,view tweet url
ID: 1122201802697531393,,,,no,27/04/19 18:12:13,@El_Universal_Mx Yo las quiero recibir ..,Twitter for Android,view tweet url
ID: 1122203437750464514,1,,1,no,27/04/19 18:18:43,"@El_Universal_Mx No necesito de noticias difamatorias, manipuladoras, tendenciosas y falsarias que buscan distorsionar imágenes de personas e instituciones de acuerdo a sus intereses.",Twitter Web Client,view tweet url
ID: 1122196372298575872,9,5,29,no,27/04/19 17:50:39,El sorprendente clóset de zapatos de Thalía: la envidia de todos ???? @thaliahttps://t.co/oBjAK7BukL https://t.co/7LQtvKx3TN,TweetDeck,view tweet url
ID: 1122201465718628352,,,3,no,27/04/19 18:10:53,@Revista_Clase @El_Universal_Mx @thalia Sobre todo de los que no tienen zapatos ??,Twitter for iPhone,view tweet url
ID: 1122208828227899392,,,2,no,27/04/19 18:40:08,@Revista_Clase @El_Universal_Mx @thalia Vanidad,Twitter for iPhone,view tweet url
ID: 1122211483964911618,,,1,no,27/04/19 18:50:42,@Revista_Clase @El_Universal_Mx @thalia Si de todos los que no tienen zapatos...... Habra necesidad de ser tan exhibicionista.,Twitter for Android,view tweet url
ID: 1122223496992444416,,,,no,27/04/19 19:38:26,@Revista_Clase @El_Universal_Mx @thalia Quien es Thalía?,Twitter for Android,view tweet url
